Dashboard_user_id_13522_NoAudio_5.MP4, Rear_view_user_id_13522_NoAudio_5.MP4, Right_side_window_user_id_13522_NoAudio_5.MP4, ./arrays_5/user_id_13522_5
Dashboard_user_id_13522_NoAudio_7.MP4, Rear_view_user_id_13522_NoAudio_7.MP4, Right_side_window_user_id_13522_NoAudio_7.MP4, ./arrays_5/user_id_13522_7
Dashboard_user_id_14786_NoAudio_5.MP4, Rear_view_user_id_14786_NoAudio_5.MP4, Right_side_window_user_id_14786_NoAudio_5.MP4, ./arrays_5/user_id_14786_5
Dashboard_user_id_14786_NoAudio_7.MP4, Rear_view_user_id_14786_NoAudio_7.MP4, Right_side_window_user_id_14786_NoAudio_7.MP4, ./arrays_5/user_id_14786_7
Dashboard_user_id_16080_NoAudio_5.MP4, Rear_view_user_id_16080_NoAudio_5.MP4, Right_side_window_user_id_16080_NoAudio_5.MP4, ./arrays_5/user_id_16080_5
Dashboard_user_id_16080_NoAudio_7.MP4, Rear_view_user_id_16080_NoAudio_7.MP4, Right_side_window_user_id_16080_NoAudio_7.MP4, ./arrays_5/user_id_16080_7
Dashboard_user_id_16700_NoAudio_5.MP4, Rear_view_user_id_16700_NoAudio_5.MP4, Right_side_window_user_id_16700_NoAudio_5.MP4, ./arrays_5/user_id_16700_5
Dashboard_user_id_16700_NoAudio_7.MP4, Rear_view_user_id_16700_NoAudio_7.MP4, Right_side_window_user_id_16700_NoAudio_7.MP4, ./arrays_5/user_id_16700_7
Dashboard_user_id_20090_NoAudio_5.MP4, Rear_view_user_id_20090_NoAudio_5.MP4, Right_side_window_user_id_20090_NoAudio_5.MP4, ./arrays_5/user_id_20090_5
Dashboard_user_id_20090_NoAudio_7.MP4, Rear_view_user_id_20090_NoAudio_7.MP4, Right_side_window_user_id_20090_NoAudio_7.MP4, ./arrays_5/user_id_20090_7
Dashboard_user_id_20507_NoAudio_5.MP4, Rear_view_user_id_20507_NoAudio_5.MP4, Right_side_window_user_id_20507_NoAudio_5.MP4, ./arrays_5/user_id_20507_5
Dashboard_user_id_20507_NoAudio_7.MP4, Rear_view_user_id_20507_NoAudio_7.MP4, Right_side_window_user_id_20507_NoAudio_7.MP4, ./arrays_5/user_id_20507_7
Dashboard_user_id_20931_NoAudio_5.MP4, Rear_view_user_id_20931_NoAudio_5.MP4, Right_side_window_user_id_20931_NoAudio_5.MP4, ./arrays_5/user_id_20931_5
Dashboard_user_id_20931_NoAudio_7.MP4, Rear_view_user_id_20931_NoAudio_7.MP4, Right_side_window_user_id_20931_NoAudio_7.MP4, ./arrays_5/user_id_20931_7
Dashboard_user_id_22640_NoAudio_5.MP4, Rear_view_user_id_22640_NoAudio_5.MP4, Right_side_window_user_id_22640_NoAudio_5.MP4, ./arrays_5/user_id_22640_5
Dashboard_user_id_22640_NoAudio_7.MP4, Rear_view_user_id_22640_NoAudio_7.MP4, Right_side_window_user_id_22640_NoAudio_7.MP4, ./arrays_5/user_id_22640_7
Dashboard_user_id_25077_NoAudio_5.MP4, Rear_view_user_id_25077_NoAudio_5.MP4, Right_side_window_user_id_25077_NoAudio_5.MP4, ./arrays_5/user_id_25077_5
Dashboard_user_id_25077_NoAudio_7.MP4, Rear_view_user_id_25077_NoAudio_7.MP4, Right_side_window_user_id_25077_NoAudio_7.MP4, ./arrays_5/user_id_25077_7
Dashboard_user_id_25432_NoAudio_5.MP4, Rear_view_user_id_25432_NoAudio_5.MP4, Right_side_window_user_id_25432_NoAudio_5.MP4, ./arrays_5/user_id_25432_5
Dashboard_user_id_25432_NoAudio_7.MP4, Rear_view_user_id_25432_NoAudio_7.MP4, Right_side_window_user_id_25432_NoAudio_7.MP4, ./arrays_5/user_id_25432_7
Dashboard_user_id_28557_NoAudio_5.MP4, Rear_view_user_id_28557_NoAudio_5.MP4, Right_side_window_user_id_28557_NoAudio_5.MP4, ./arrays_5/user_id_28557_5
Dashboard_user_id_28557_NoAudio_7.MP4, Rear_view_user_id_28557_NoAudio_7.MP4, Right_side_window_user_id_28557_NoAudio_7.MP4, ./arrays_5/user_id_28557_7
Dashboard_user_id_30932_NoAudio_5.MP4, Rear_view_user_id_30932_NoAudio_5.MP4, Right_side_window_user_id_30932_NoAudio_5.MP4, ./arrays_5/user_id_30932_5
Dashboard_user_id_30932_NoAudio_7.MP4, Rear_view_user_id_30932_NoAudio_7.MP4, Right_side_window_user_id_30932_NoAudio_7.MP4, ./arrays_5/user_id_30932_7
Dashboard_user_id_31903_NoAudio_5.MP4, Rear_view_user_id_31903_NoAudio_5.MP4, Right_side_window_user_id_31903_NoAudio_5.MP4, ./arrays_5/user_id_31903_5
Dashboard_user_id_31903_NoAudio_7.MP4, Rear_view_user_id_31903_NoAudio_7.MP4, Right_side_window_user_id_31903_NoAudio_7.MP4, ./arrays_5/user_id_31903_7
Dashboard_user_id_33682_NoAudio_5.MP4, Rear_view_user_id_33682_NoAudio_5.MP4, Right_side_window_user_id_33682_NoAudio_5.MP4, ./arrays_5/user_id_33682_5
Dashboard_user_id_33682_NoAudio_7.MP4, Rear_view_user_id_33682_NoAudio_7.MP4, Right_side_window_user_id_33682_NoAudio_7.MP4, ./arrays_5/user_id_33682_7
Dashboard_user_id_35418_NoAudio_5.MP4, Rear_view_user_id_35418_NoAudio_5.MP4, Right_side_window_user_id_35418_NoAudio_5.MP4, ./arrays_5/user_id_35418_5
Dashboard_user_id_35418_NoAudio_7.MP4, Rear_view_user_id_35418_NoAudio_7.MP4, Right_side_window_user_id_35418_NoAudio_7.MP4, ./arrays_5/user_id_35418_7
Dashboard_user_id_36305_NoAudio_3.MP4, Rear_view_user_id_36305_NoAudio_3.MP4, Right_side_window_user_id_36305_NoAudio_3.MP4, ./arrays_5/user_id_36305_3
Dashboard_user_id_36305_NoAudio_5.MP4, Rear_view_user_id_36305_NoAudio_5.MP4, Right_side_window_user_id_36305_NoAudio_5.MP4, ./arrays_5/user_id_36305_5
Dashboard_user_id_38159_NoAudio_5.MP4, Rear_view_user_id_38159_NoAudio_5.MP4, Right_side_window_user_id_38159_NoAudio_5.MP4, ./arrays_5/user_id_38159_5
Dashboard_user_id_38159_NoAudio_7.MP4, Rear_view_user_id_38159_NoAudio_7.MP4, Right_side_window_user_id_38159_NoAudio_7.MP4, ./arrays_5/user_id_38159_7
Dashboard_user_id_60768_NoAudio_5.MP4, Rear_view_user_id_60768_NoAudio_5.MP4, Right_side_window_user_id_60768_NoAudio_5.MP4, ./arrays_5/user_id_60768_5
Dashboard_user_id_60768_NoAudio_7.MP4, Rear_view_user_id_60768_NoAudio_7.MP4, Right_side_window_user_id_60768_NoAudio_7.MP4, ./arrays_5/user_id_60768_7
Dashboard_user_id_61302_NoAudio_7.MP4, Rear_view_user_id_61302_NoAudio_7.MP4, Right_side_window_user_id_61302_NoAudio_7.MP4, ./arrays_5/user_id_61302_7
Dashboard_user_id_61302_NoAudio_9.MP4, Rear_view_user_id_61302_NoAudio_9.MP4, Right_side_window_user_id_61302_NoAudio_9.MP4, ./arrays_5/user_id_61302_9
Dashboard_user_id_61497_NoAudio_5.MP4, Rear_view_user_id_61497_NoAudio_5.MP4, Right_side_window_user_id_61497_NoAudio_5.MP4, ./arrays_5/user_id_61497_5
Dashboard_user_id_61497_NoAudio_7.MP4, Rear_view_user_id_61497_NoAudio_7.MP4, Right_side_window_user_id_61497_NoAudio_7.MP4, ./arrays_5/user_id_61497_7
Dashboard_user_id_61962_NoAudio_5.MP4, Rear_view_user_id_61962_NoAudio_5.MP4, Right_side_window_user_id_61962_NoAudio_5.MP4, ./arrays_5/user_id_61962_5
Dashboard_user_id_61962_NoAudio_7.MP4, Rear_view_user_id_61962_NoAudio_7.MP4, Right_side_window_user_id_61962_NoAudio_7.MP4, ./arrays_5/user_id_61962_7
Dashboard_user_id_63513_NoAudio_5.MP4, Rear_view_user_id_63513_NoAudio_5.MP4, Right_side_window_user_id_63513_NoAudio_5.MP4, ./arrays_5/user_id_63513_5
Dashboard_user_id_63513_NoAudio_7.MP4, Rear_view_user_id_63513_NoAudio_7.MP4, Right_side_window_user_id_63513_NoAudio_7.MP4, ./arrays_5/user_id_63513_7
Dashboard_user_id_63764_NoAudio_5.MP4, Rear_view_user_id_63764_NoAudio_5.MP4, Right_side_window_user_id_63764_NoAudio_5.MP4, ./arrays_5/user_id_63764_5
Dashboard_user_id_63764_NoAudio_7.MP4, Rear_view_user_id_63764_NoAudio_7.MP4, Right_side_window_user_id_63764_NoAudio_7.MP4, ./arrays_5/user_id_63764_7
Dashboard_user_id_64003_NoAudio_5.MP4, Rear_view_user_id_64003_NoAudio_5.MP4, Right_side_window_user_id_64003_NoAudio_5.MP4, ./arrays_5/user_id_64003_5
Dashboard_user_id_64003_NoAudio_7.MP4, Rear_view_user_id_64003_NoAudio_7.MP4, Right_side_window_user_id_64003_NoAudio_7.MP4, ./arrays_5/user_id_64003_7
Dashboard_user_id_69039_NoAudio_5.MP4, Rear_view_user_id_69039_NoAudio_5.MP4, Right_side_window_user_id_69039_NoAudio_5.MP4, ./arrays_5/user_id_69039_5
Dashboard_user_id_69039_NoAudio_7.MP4, Rear_view_user_id_69039_NoAudio_7.MP4, Right_side_window_user_id_69039_NoAudio_7.MP4, ./arrays_5/user_id_69039_7
Dashboard_user_id_70176_NoAudio_5.MP4, Rear_view_user_id_70176_NoAudio_5.MP4, Right_side_window_user_id_70176_NoAudio_5.MP4, ./arrays_5/user_id_70176_5
Dashboard_user_id_70176_NoAudio_7.MP4, Rear_view_user_id_70176_NoAudio_7.MP4, Right_side_window_user_id_70176_NoAudio_7.MP4, ./arrays_5/user_id_70176_7
Dashboard_user_id_71436_NoAudio_5.MP4, Rear_view_user_id_71436_NoAudio_5.MP4, Right_side_window_user_id_71436_NoAudio_5.MP4, ./arrays_5/user_id_71436_5
Dashboard_user_id_71436_NoAudio_7.MP4, Rear_view_user_id_71436_NoAudio_7.MP4, Right_side_window_user_id_71436_NoAudio_7.MP4, ./arrays_5/user_id_71436_7
Dashboard_user_id_71720_NoAudio_5.MP4, Rear_view_user_id_71720_NoAudio_5.MP4, Right_side_window_user_id_71720_NoAudio_5.MP4, ./arrays_5/user_id_71720_5
Dashboard_user_id_71720_NoAudio_7.MP4, Rear_view_user_id_71720_NoAudio_7.MP4, Right_side_window_user_id_71720_NoAudio_7.MP4, ./arrays_5/user_id_71720_7
Dashboard_user_id_72446_NoAudio_5.MP4, Rear_view_user_id_72446_NoAudio_5.MP4, Right_side_window_user_id_72446_NoAudio_5.MP4, ./arrays_5/user_id_72446_5
Dashboard_user_id_72446_NoAudio_7.MP4, Rear_view_user_id_72446_NoAudio_7.MP4, Right_side_window_user_id_72446_NoAudio_7.MP4, ./arrays_5/user_id_72446_7
Dashboard_user_id_78052_NoAudio_9.MP4, Rear_view_user_id_78052_NoAudio_9.MP4, Right_side_window_user_id_78052_NoAudio_9.MP4, ./arrays_5/user_id_78052_9
Dashboard_user_id_78052_NoAudio_11.MP4, Rear_view_user_id_78052_NoAudio_11.MP4, Right_side_window_user_id_78052_NoAudio_11.MP4, ./arrays_5/user_id_78052_1
Dashboard_user_id_79023_NoAudio_5.MP4, Rear_view_user_id_79023_NoAudio_5.MP4, Right_side_window_user_id_79023_NoAudio_5.MP4, ./arrays_5/user_id_79023_5
Dashboard_user_id_79023_NoAudio_7.MP4, Rear_view_user_id_79023_NoAudio_7.MP4, Right_side_window_user_id_79023_NoAudio_7.MP4, ./arrays_5/user_id_79023_7
Dashboard_user_id_79755_NoAudio_3.MP4, Rear_view_user_id_79755_NoAudio_3.MP4, Right_side_window_user_id_79755_NoAudio_3.MP4, ./arrays_5/user_id_79755_3
Dashboard_user_id_79755_NoAudio_5.MP4, Rear_view_user_id_79755_NoAudio_5.MP4, Right_side_window_user_id_79755_NoAudio_5.MP4, ./arrays_5/user_id_79755_5
Dashboard_user_id_83323_NoAudio_3.MP4, Rear_view_user_id_83323_NoAudio_3.MP4, Right_side_window_user_id_83323_NoAudio_3.MP4, ./arrays_5/user_id_83323_3
Dashboard_user_id_83323_NoAudio_5.MP4, Rear_view_user_id_83323_NoAudio_5.MP4, Right_side_window_user_id_83323_NoAudio_5.MP4, ./arrays_5/user_id_83323_5
Dashboard_user_id_39367_NoAudio_5.MP4, Rear_view_user_id_39367_NoAudio_5.MP4, Right_side_window_user_id_39367_NoAudio_5.MP4, ./arrays_5/user_id_39367_5
Dashboard_user_id_39367_NoAudio_7.MP4, Rear_view_user_id_39367_NoAudio_7.MP4, Right_side_window_user_id_39367_NoAudio_7.MP4, ./arrays_5/user_id_39367_7
Dashboard_user_id_40908_NoAudio_5.MP4, Rear_view_user_id_40908_NoAudio_5.MP4, Right_side_window_user_id_40908_NoAudio_5.MP4, ./arrays_5/user_id_40908_5
Dashboard_user_id_40908_NoAudio_7.MP4, Rear_view_user_id_40908_NoAudio_7.MP4, Right_side_window_user_id_40908_NoAudio_7.MP4, ./arrays_5/user_id_40908_7
Dashboard_user_id_41850_NoAudio_5.MP4, Rear_view_user_id_41850_NoAudio_5.MP4, Right_side_window_user_id_41850_NoAudio_5.MP4, ./arrays_5/user_id_41850_5
Dashboard_user_id_41850_NoAudio_7.MP4, Rear_view_user_id_41850_NoAudio_7.MP4, Right_side_window_user_id_41850_NoAudio_7.MP4, ./arrays_5/user_id_41850_7
Dashboard_user_id_42711_NoAudio_5.MP4, Rear_view_user_id_42711_NoAudio_5.MP4, Right_side_window_user_id_42711_NoAudio_5.MP4, ./arrays_5/user_id_42711_5
Dashboard_user_id_42711_NoAudio_7.MP4, Rear_view_user_id_42711_NoAudio_7.MP4, Right_side_window_user_id_42711_NoAudio_7.MP4, ./arrays_5/user_id_42711_7
Dashboard_user_id_46141_NoAudio_5.MP4, Rear_view_user_id_46141_NoAudio_5.MP4, Right_side_window_user_id_46141_NoAudio_5.MP4, ./arrays_5/user_id_46141_5
Dashboard_user_id_46141_NoAudio_7.MP4, Rear_view_user_id_46141_NoAudio_7.MP4, Right_side_window_user_id_46141_NoAudio_7.MP4, ./arrays_5/user_id_46141_7
Dashboard_user_id_46844_NoAudio_5.MP4, Rear_view_user_id_46844_NoAudio_5.MP4, Right_side_window_user_id_46844_NoAudio_5.MP4, ./arrays_5/user_id_46844_5
Dashboard_user_id_46844_NoAudio_7.MP4, Rear_view_user_id_46844_NoAudio_7.MP4, Right_side_window_user_id_46844_NoAudio_7.MP4, ./arrays_5/user_id_46844_7
Dashboard_user_id_46856_NoAudio_5.MP4, Rear_view_user_id_46856_NoAudio_5.MP4, Right_side_window_user_id_46856_NoAudio_5.MP4, ./arrays_5/user_id_46856_5
Dashboard_user_id_46856_NoAudio_7.MP4, Rear_view_user_id_46856_NoAudio_7.MP4, Right_side_window_user_id_46856_NoAudio_7.MP4, ./arrays_5/user_id_46856_7
Dashboard_user_id_47158_NoAudio_5.MP4, Rear_view_user_id_47158_NoAudio_5.MP4, Right_side_window_user_id_47158_NoAudio_5.MP4, ./arrays_5/user_id_47158_5
Dashboard_user_id_47158_NoAudio_7.MP4, Rear_view_user_id_47158_NoAudio_7.MP4, Right_side_window_user_id_47158_NoAudio_7.MP4, ./arrays_5/user_id_47158_7
Dashboard_user_id_47457_NoAudio_5.MP4, Rear_view_user_id_47457_NoAudio_5.MP4, Right_side_window_user_id_47457_NoAudio_5.MP4, ./arrays_5/user_id_47457_5
Dashboard_user_id_47457_NoAudio_7.MP4, Rear_view_user_id_47457_NoAudio_7.MP4, Right_side_window_user_id_47457_NoAudio_7.MP4, ./arrays_5/user_id_47457_7
Dashboard_user_id_50347_NoAudio_5.MP4, Rear_view_user_id_50347_NoAudio_5.MP4, Right_side_window_user_id_50347_NoAudio_5.MP4, ./arrays_5/user_id_50347_5
Dashboard_user_id_50347_NoAudio_7.MP4, Rear_view_user_id_50347_NoAudio_7.MP4, Right_side_window_user_id_50347_NoAudio_7.MP4, ./arrays_5/user_id_50347_7
Dashboard_user_id_50921_NoAudio_5.MP4, Rear_view_user_id_50921_NoAudio_5.MP4, Right_side_window_user_id_50921_NoAudio_5.MP4, ./arrays_5/user_id_50921_5
Dashboard_user_id_50921_NoAudio_7.MP4, Rear_view_user_id_50921_NoAudio_7.MP4, Right_side_window_user_id_50921_NoAudio_7.MP4, ./arrays_5/user_id_50921_7
Dashboard_user_id_52046_NoAudio_5.MP4, Rear_view_user_id_52046_NoAudio_5.MP4, Right_side_window_user_id_52046_NoAudio_5.MP4, ./arrays_5/user_id_52046_5
Dashboard_user_id_52046_NoAudio_11.MP4, Rear_view_user_id_52046_NoAudio_11.MP4, Right_side_window_user_id_52046_NoAudio_11.MP4, ./arrays_5/user_id_52046_1
Dashboard_user_id_53307_NoAudio_5.MP4, Rear_view_user_id_53307_NoAudio_5.MP4, Right_side_window_user_id_53307_NoAudio_5.MP4, ./arrays_5/user_id_53307_5
Dashboard_user_id_53307_NoAudio_7.MP4, Rear_view_user_id_53307_NoAudio_7.MP4, Right_side_window_user_id_53307_NoAudio_7.MP4, ./arrays_5/user_id_53307_7
Dashboard_user_id_57207_NoAudio_1.MP4, Rear_view_user_id_57207_NoAudio_1.MP4, Right_side_window_user_id_57207_NoAudio_1.MP4, ./arrays_5/user_id_57207_1
Dashboard_user_id_57207_NoAudio_3.MP4, Rear_view_user_id_57207_NoAudio_3.MP4, Right_side_window_user_id_57207_NoAudio_3.MP4, ./arrays_5/user_id_57207_3
Dashboard_user_id_59014_NoAudio_5.MP4, Rear_view_user_id_59014_NoAudio_5.MP4, Right_side_window_user_id_59014_NoAudio_5.MP4, ./arrays_5/user_id_59014_5
Dashboard_user_id_59014_NoAudio_7.MP4, Rear_view_user_id_59014_NoAudio_7.MP4, Right_side_window_user_id_59014_NoAudio_7.MP4, ./arrays_5/user_id_59014_7
Dashboard_user_id_59359_NoAudio_5.MP4, Rear_view_user_id_59359_NoAudio_5.MP4, Right_side_window_user_id_59359_NoAudio_5.MP4, ./arrays_5/user_id_59359_5
Dashboard_user_id_59359_NoAudio_7.MP4, Rear_view_user_id_59359_NoAudio_7.MP4, Right_side_window_user_id_59359_NoAudio_7.MP4, ./arrays_5/user_id_59359_7
Dashboard_user_id_59581_NoAudio_5.MP4, Rear_view_user_id_59581_NoAudio_5.MP4, Right_side_window_user_id_59581_NoAudio_5.MP4, ./arrays_5/user_id_59581_5
Dashboard_user_id_59581_NoAudio_7.MP4, Rear_view_user_id_59581_NoAudio_7.MP4, Right_side_window_user_id_59581_NoAudio_7.MP4, ./arrays_5/user_id_59581_7
Dashboard_user_id_84935_NoAudio_5.MP4, Rear_view_user_id_84935_NoAudio_5.MP4, Right_side_window_user_id_84935_NoAudio_5.MP4, ./arrays_5/user_id_84935_5
Dashboard_user_id_84935_NoAudio_7.MP4, Rear_view_user_id_84935_NoAudio_7.MP4, Right_side_window_user_id_84935_NoAudio_7.MP4, ./arrays_5/user_id_84935_7
Dashboard_user_id_85870_NoAudio_5.MP4, Rear_view_user_id_85870_NoAudio_5.MP4, Right_side_window_user_id_85870_NoAudio_5.MP4, ./arrays_5/user_id_85870_5
Dashboard_user_id_85870_NoAudio_7.MP4, Rear_view_user_id_85870_NoAudio_7.MP4, Right_side_window_user_id_85870_NoAudio_7.MP4, ./arrays_5/user_id_85870_7
Dashboard_user_id_86356_NoAudio_5.MP4, Rear_view_user_id_86356_NoAudio_5.MP4, Right_side_window_user_id_86356_NoAudio_5.MP4, ./arrays_5/user_id_86356_5
Dashboard_user_id_86356_NoAudio_7.MP4, Rear_view_user_id_86356_NoAudio_7.MP4, Right_side_window_user_id_86356_NoAudio_7.MP4, ./arrays_5/user_id_86356_7
Dashboard_user_id_86433_NoAudio_5.MP4, Rear_view_user_id_86433_NoAudio_5.MP4, Right_side_window_user_id_86433_NoAudio_5.MP4, ./arrays_5/user_id_86433_5
Dashboard_user_id_86433_NoAudio_7.MP4, Rear_view_user_id_86433_NoAudio_7.MP4, Right_side_window_user_id_86433_NoAudio_7.MP4, ./arrays_5/user_id_86433_7
Dashboard_user_id_86952_NoAudio_9.MP4, Rear_view_user_id_86952_NoAudio_9.MP4, Right_side_window_user_id_86952_NoAudio_9.MP4, ./arrays_5/user_id_86952_9
Dashboard_user_id_86952_NoAudio_11.MP4, Rear_view_user_id_86952_NoAudio_11.MP4, Right_side_window_user_id_86952_NoAudio_11.MP4, ./arrays_5/user_id_86952_1
Dashboard_user_id_87903_NoAudio_5.MP4, Rear_view_user_id_87903_NoAudio_5.MP4, Right_side_window_user_id_87903_NoAudio_5.MP4, ./arrays_5/user_id_87903_5
Dashboard_user_id_87903_NoAudio_7.MP4, Rear_view_user_id_87903_NoAudio_7.MP4, Right_side_window_user_id_87903_NoAudio_7.MP4, ./arrays_5/user_id_87903_7
Dashboard_user_id_93439_NoAudio_5.MP4, Rear_view_user_id_93439_NoAudio_5.MP4, Right_side_window_user_id_93439_NoAudio_5.MP4, ./arrays_5/user_id_93439_5
Dashboard_user_id_93439_NoAudio_7.MP4, Rear_view_user_id_93439_NoAudio_7.MP4, Right_side_window_user_id_93439_NoAudio_7.MP4, ./arrays_5/user_id_93439_7
Dashboard_user_id_93491_NoAudio_5.MP4, Rear_view_user_id_93491_NoAudio_5.MP4, Right_side_window_user_id_93491_NoAudio_5.MP4, ./arrays_5/user_id_93491_5
Dashboard_user_id_93491_NoAudio_7.MP4, Rear_view_user_id_93491_NoAudio_7.MP4, Right_side_window_user_id_93491_NoAudio_7.MP4, ./arrays_5/user_id_93491_7
Dashboard_user_id_93542_NoAudio_5.MP4, Rear_view_user_id_93542_NoAudio_5.MP4, Right_side_window_user_id_93542_NoAudio_5.MP4, ./arrays_5/user_id_93542_5
Dashboard_user_id_93542_NoAudio_7.MP4, Rear_view_user_id_93542_NoAudio_7.MP4, Right_side_window_user_id_93542_NoAudio_7.MP4, ./arrays_5/user_id_93542_7
Dashboard_user_id_96269_NoAudio_5.MP4, Rear_view_user_id_96269_NoAudio_5.MP4, Right_side_window_user_id_96269_NoAudio_5.MP4, ./arrays_5/user_id_96269_5
Dashboard_user_id_96269_NoAudio_7.MP4, Rear_view_user_id_96269_NoAudio_7.MP4, Right_side_window_user_id_96269_NoAudio_7.MP4, ./arrays_5/user_id_96269_7
Dashboard_user_id_96371_NoAudio_7.MP4, Rear_view_user_id_96371_NoAudio_7.MP4, Right_side_window_user_id_96371_NoAudio_7.MP4, ./arrays_5/user_id_96371_7
Dashboard_user_id_96371_NoAudio_9.MP4, Rear_view_user_id_96371_NoAudio_9.MP4, Right_side_window_user_id_96371_NoAudio_9.MP4, ./arrays_5/user_id_96371_9
Dashboard_user_id_98067_NoAudio_5.MP4, Rear_view_user_id_98067_NoAudio_5.MP4, Right_side_window_user_id_98067_NoAudio_5.MP4, ./arrays_5/user_id_98067_5
Dashboard_user_id_98067_NoAudio_7.MP4, Rear_view_user_id_98067_NoAudio_7.MP4, Right_side_window_user_id_98067_NoAudio_7.MP4, ./arrays_5/user_id_98067_7
Dashboard_user_id_98389_NoAudio_5.MP4, Rear_view_user_id_98389_NoAudio_5.MP4, Right_side_window_user_id_98389_NoAudio_5.MP4, ./arrays_5/user_id_98389_5
Dashboard_user_id_98389_NoAudio_7.MP4, Rear_view_user_id_98389_NoAudio_7.MP4, Right_side_window_user_id_98389_NoAudio_7.MP4, ./arrays_5/user_id_98389_7
Dashboard_user_id_99635_NoAudio_5.MP4, Rear_view_user_id_99635_NoAudio_5.MP4, Right_side_window_user_id_99635_NoAudio_5.MP4, ./arrays_5/user_id_99635_5
Dashboard_user_id_99635_NoAudio_7.MP4, Rear_view_user_id_99635_NoAudio_7.MP4, Right_side_window_user_id_99635_NoAudio_7.MP4, ./arrays_5/user_id_99635_7
Dashboard_user_id_99660_NoAudio_5.MP4, Rear_view_user_id_99660_NoAudio_5.MP4, Right_side_window_user_id_99660_NoAudio_5.MP4, ./arrays_5/user_id_99660_5
Dashboard_user_id_99660_NoAudio_7.MP4, Rear_view_user_id_99660_NoAudio_7.MP4, Right_side_window_user_id_99660_NoAudio_7.MP4, ./arrays_5/user_id_99660_7
Dashboard_user_id_99882_NoAudio_5.MP4, Rear_view_user_id_99882_NoAudio_5.MP4, Right_side_window_user_id_99882_NoAudio_5.MP4, ./arrays_5/user_id_99882_5
Dashboard_user_id_99882_NoAudio_7.MP4, Rear_view_user_id_99882_NoAudio_7.MP4, Right_side_window_user_id_99882_NoAudio_7.MP4, ./arrays_5/user_id_99882_7
Dashboard_user_id_38479_NoAudio_5.MP4, Rear_view_user_id_38479_NoAudio_5.MP4, Right_side_window_user_id_38479_NoAudio_5.MP4, ./arrays_5/user_id_38479_5
Dashboard_user_id_38479_NoAudio_7.MP4, Rear_view_user_id_38479_NoAudio_7.MP4, Right_side_window_user_id_38479_NoAudio_7.MP4, ./arrays_5/user_id_38479_7
Dashboard_user_id_60167_NoAudio_5.MP4, Rear_view_user_id_60167_NoAudio_5.MP4, Right_side_window_user_id_60167_NoAudio_5.MP4, ./arrays_5/user_id_60167_5
Dashboard_user_id_60167_NoAudio_7.MP4, Rear_view_user_id_60167_NoAudio_7.MP4, Right_side_window_user_id_60167_NoAudio_7.MP4, ./arrays_5/user_id_60167_7
Dashboard_user_id_83756_NoAudio_3.MP4, Rear_view_user_id_83756_NoAudio_3.MP4, Right_side_window_user_id_83756_NoAudio_3.MP4, ./arrays_5/user_id_83756_3
Dashboard_user_id_83756_NoAudio_7.MP4, Rear_view_user_id_83756_NoAudio_7.MP4, Right_side_window_user_id_83756_NoAudio_7.MP4, ./arrays_5/user_id_83756_7
